{
  "hash": "9c980a01",
  "configHash": "39774967",
  "lockfileHash": "271a4677",
  "browserHash": "e8bbd396",
  "optimized": {
    "@angular/common": {
      "src": "../../../../../../node_modules/@angular/common/fesm2022/common.mjs",
      "file": "@angular_common.js",
      "fileHash": "3fdd82e3",
      "needsInterop": false
    },
    "@angular/common/http": {
      "src": "../../../../../../node_modules/@angular/common/fesm2022/http.mjs",
      "file": "@angular_common_http.js",
      "fileHash": "0ea3859f",
      "needsInterop": false
    },
    "@angular/common/locales/pt": {
      "src": "../../../../../../node_modules/@angular/common/locales/pt.js",
      "file": "@angular_common_locales_pt.js",
      "fileHash": "051f6586",
      "needsInterop": false
    },
    "@angular/core": {
      "src": "../../../../../../node_modules/@angular/core/fesm2022/core.mjs",
      "file": "@angular_core.js",
      "fileHash": "0122dfe2",
      "needsInterop": false
    },
    "@angular/forms": {
      "src": "../../../../../../node_modules/@angular/forms/fesm2022/forms.mjs",
      "file": "@angular_forms.js",
      "fileHash": "6200c8af",
      "needsInterop": false
    },
    "@angular/platform-browser": {
      "src": "../../../../../../node_modules/@angular/platform-browser/fesm2022/platform-browser.mjs",
      "file": "@angular_platform-browser.js",
      "fileHash": "9227a735",
      "needsInterop": false
    },
    "@angular/router": {
      "src": "../../../../../../node_modules/@angular/router/fesm2022/router.mjs",
      "file": "@angular_router.js",
      "fileHash": "36a85c63",
      "needsInterop": false
    },
    "jspdf": {
      "src": "../../../../../../node_modules/jspdf/dist/jspdf.es.min.js",
      "file": "jspdf.js",
      "fileHash": "e2002c7d",
      "needsInterop": false
    },
    "rxjs": {
      "src": "../../../../../../node_modules/rxjs/dist/esm5/index.js",
      "file": "rxjs.js",
      "fileHash": "0d3bfeef",
      "needsInterop": false
    },
    "rxjs/operators": {
      "src": "../../../../../../node_modules/rxjs/dist/esm5/operators/index.js",
      "file": "rxjs_operators.js",
      "fileHash": "7e04d6c1",
      "needsInterop": false
    },
    "xlsx": {
      "src": "../../../../../../node_modules/xlsx/xlsx.mjs",
      "file": "xlsx.js",
      "fileHash": "9d26d8f7",
      "needsInterop": false
    },
    "@angular/material/snack-bar": {
      "src": "../../../../../../node_modules/@angular/material/fesm2022/snack-bar.mjs",
      "file": "@angular_material_snack-bar.js",
      "fileHash": "97c4ea6c",
      "needsInterop": false
    },
    "@angular/material/dialog": {
      "src": "../../../../../../node_modules/@angular/material/fesm2022/dialog.mjs",
      "file": "@angular_material_dialog.js",
      "fileHash": "21f75576",
      "needsInterop": false
    },
    "@angular/cdk/bidi": {
      "src": "../../../../../../node_modules/@angular/cdk/fesm2022/bidi.mjs",
      "file": "@angular_cdk_bidi.js",
      "fileHash": "cd0e2aa5",
      "needsInterop": false
    },
    "@angular/material/button": {
      "src": "../../../../../../node_modules/@angular/material/fesm2022/button.mjs",
      "file": "@angular_material_button.js",
      "fileHash": "fc59c55b",
      "needsInterop": false
    }
  },
  "chunks": {
    "purify.es-64WHFMY6": {
      "file": "purify__es-64WHFMY6.js"
    },
    "index.es-JED6NSHR": {
      "file": "index__es-JED6NSHR.js"
    },
    "chunk-WUUVWCMF": {
      "file": "chunk-WUUVWCMF.js"
    },
    "html2canvas.esm-ZNF64ISW": {
      "file": "html2canvas__esm-ZNF64ISW.js"
    },
    "chunk-XZYL6RSS": {
      "file": "chunk-XZYL6RSS.js"
    },
    "chunk-RFEZPRLP": {
      "file": "chunk-RFEZPRLP.js"
    },
    "chunk-LCSKJE4M": {
      "file": "chunk-LCSKJE4M.js"
    },
    "chunk-EKILFAZT": {
      "file": "chunk-EKILFAZT.js"
    },
    "chunk-NZCFLFNS": {
      "file": "chunk-NZCFLFNS.js"
    },
    "chunk-7BLI7KBP": {
      "file": "chunk-7BLI7KBP.js"
    },
    "chunk-C3RLSBDP": {
      "file": "chunk-C3RLSBDP.js"
    },
    "chunk-KWBX7L4D": {
      "file": "chunk-KWBX7L4D.js"
    },
    "chunk-OEOH75ZL": {
      "file": "chunk-OEOH75ZL.js"
    },
    "chunk-WPM5VTLQ": {
      "file": "chunk-WPM5VTLQ.js"
    },
    "chunk-PEBH6BBU": {
      "file": "chunk-PEBH6BBU.js"
    },
    "chunk-4S3KYZTJ": {
      "file": "chunk-4S3KYZTJ.js"
    },
    "chunk-TXDUYLVM": {
      "file": "chunk-TXDUYLVM.js"
    }
  }
}